{
    "timestamp": {
        "min": [
            0.0
        ],
        "max": [
            10.166666666666666
        ],
        "mean": [
            4.027869447469079
        ],
        "std": [
            2.4113058655550974
        ],
        "count": [
            11939
        ]
    },
    "frame_index": {
        "min": [
            0
        ],
        "max": [
            305
        ],
        "mean": [
            120.83608342407237
        ],
        "std": [
            72.33917596665292
        ],
        "count": [
            11939
        ]
    },
    "observation.images.up": {
        "min": [
            [
                [
                    0.0
                ]
            ],
            [
                [
                    0.0
                ]
            ],
            [
                [
                    0.0
                ]
            ]
        ],
        "max": [
            [
                [
                    1.0
                ]
            ],
            [
                [
                    1.0
                ]
            ],
            [
                [
                    1.0
                ]
            ]
        ],
        "mean": [
            [
                [
                    0.6056198934640523
                ]
            ],
            [
                [
                    0.6136785669526145
                ]
            ],
            [
                [
                    0.6204703991421568
                ]
            ]
        ],
        "std": [
            [
                [
                    0.14559642730105943
                ]
            ],
            [
                [
                    0.14426886873325462
                ]
            ],
            [
                [
                    0.14010256209484187
                ]
            ]
        ],
        "count": [
            5000
        ]
    },
    "observation.images.side": {
        "min": [
            [
                [
                    0.0
                ]
            ],
            [
                [
                    0.00392156862745098
                ]
            ],
            [
                [
                    0.0
                ]
            ]
        ],
        "max": [
            [
                [
                    1.0
                ]
            ],
            [
                [
                    1.0
                ]
            ],
            [
                [
                    1.0
                ]
            ]
        ],
        "mean": [
            [
                [
                    0.49313346058006535
                ]
            ],
            [
                [
                    0.4909604651552287
                ]
            ],
            [
                [
                    0.48052104285130726
                ]
            ]
        ],
        "std": [
            [
                [
                    0.1639154283846956
                ]
            ],
            [
                [
                    0.16801982118871928
                ]
            ],
            [
                [
                    0.17635921001094265
                ]
            ]
        ],
        "count": [
            5000
        ]
    },
    "observation.state": {
        "min": [
            -92.65469360351562,
            -98.91122436523438,
            16.808605194091797,
            34.03984832763672,
            -92.28327178955078,
            1.208053708076477
        ],
        "max": [
            88.10379028320312,
            8.793970108032227,
            99.37248229980469,
            98.64349365234375,
            -20.19536018371582,
            32.68456268310547
        ],
        "mean": [
            7.987028920168213,
            -55.18078937174258,
            66.77626927288965,
            69.25251005162984,
            -53.438878098447994,
            8.11227075633656
        ],
        "std": [
            44.49175712848846,
            36.826997024255135,
            27.708361257092236,
            13.013156436455924,
            17.702962275628042,
            8.404754152412938
        ],
        "count": [
            11939
        ]
    },
    "action": {
        "min": [
            -93.45587921142578,
            -100.0,
            12.972234725952148,
            33.53166198730469,
            -92.77167510986328,
            0.0
        ],
        "max": [
            88.01470947265625,
            8.12631607055664,
            100.0,
            99.4900131225586,
            -20.0,
            32.99845504760742
        ],
        "mean": [
            8.021068880122474,
            -55.962356364170866,
            65.255668370146,
            69.18185073593092,
            -53.41991514120782,
            6.848938814508764
        ],
        "std": [
            44.56300727198868,
            36.4850863170831,
            29.011993080170146,
            13.238104064665087,
            17.7644208642342,
            8.999043111627136
        ],
        "count": [
            11939
        ]
    },
    "episode_index": {
        "min": [
            0
        ],
        "max": [
            49
        ],
        "mean": [
            25.471647541670155
        ],
        "std": [
            14.710391125333633
        ],
        "count": [
            11939
        ]
    },
    "task_index": {
        "min": [
            0
        ],
        "max": [
            0
        ],
        "mean": [
            0.0
        ],
        "std": [
            0.0
        ],
        "count": [
            11939
        ]
    },
    "index": {
        "min": [
            0
        ],
        "max": [
            11938
        ],
        "mean": [
            5969.0
        ],
        "std": [
            3446.492419837885
        ],
        "count": [
            11939
        ]
    }
}